id,type,domain,question,refrence answer
hr1,hr,Data Science,Tell me about a time you had to explain complex technical concepts to a non-technical audience. How did you ensure they understood?,The candidate should demonstrate strong communication skills an ability to tailor their explanation to the audience's understanding and perhaps provide a concrete example of a successful explanation. They might mention using analogies visualizations or simplifying jargon.
hr2,hr,Data Science,Describe a challenging data science project you worked on. What were the biggest obstacles and how did you overcome them?,Look for the candidate's problem-solving skills their ability to handle setbacks and their understanding of the data science lifecycle. They should articulate the challenge clearly the steps taken to mitigate it and the lessons learned.
hr3,hr,Data Science,How do you stay updated with the latest trends and technologies in the data science field?,The answer should indicate a proactive approach to continuous learning. This could include mentioning specific online courses conferences publications communities or personal projects they undertake to learn new tools or techniques.
hr4,hr,Data Science,Imagine you're working on a project with a strict deadline and you encounter unexpected data quality issues. How would you handle this situation?,The candidate should prioritize demonstrate a logical approach to problem-solving under pressure and emphasize communication. They might suggest assessing the impact of the data quality issue discussing with stakeholders and proposing a phased approach or risk mitigation strategies.
hr5,hr,Data Science,Tell me about a time you received constructive feedback on your work. How did you respond to it?,This question assesses self-awareness humility and a growth mindset. The candidate should show they can accept feedback positively learn from it and demonstrate how they applied the feedback to improve their work or approach.
hr6,hr,Data Science,What are your preferred methods for collaborating with team members on data science projects?,Look for an understanding of teamwork and effective collaboration. The candidate might mention specific tools (e.g. Git shared notebooks) communication strategies or a preference for iterative development and frequent check-ins.
hr7,hr,Data Science,How do you approach dealing with ambiguous or ill-defined problems in data science?,The candidate should demonstrate an ability to bring structure to ambiguity. They might talk about asking clarifying questions breaking down the problem conducting exploratory data analysis to gain insights or proposing different approaches for investigation.
hr8,hr,Data Science,Describe a situation where you had to influence stakeholders or management to adopt a data-driven solution. What was your strategy?,This assesses influencing and communication skills. The candidate should focus on understanding stakeholder needs presenting data in a compelling way highlighting business value and addressing potential concerns or objections.
hr9,hr,Data Science,What is your understanding of ethical considerations in data science particularly concerning bias in models or data privacy?,The candidate should demonstrate an awareness of responsible AI practices. They might discuss methods for detecting and mitigating bias data anonymization techniques adherence to regulations like GDPR or the importance of transparency and fairness.
hr10,hr,Data Science,Where do you see yourself in the data science field in the next five years?,This question assesses career ambition and alignment with the company's goals. The candidate should articulate a realistic and well-thought-out career path potentially mentioning specific areas of interest (e.g. MLOps deep learning leadership) or types of problems they'd like to solve.